"","country","urbanisation_rate","urbanisation_yearly_change","gdp_per_cap","size","population","density","country_code"
"1","Afghanistan","26.3","3.34",2065,652230,37466414,57.44,"AFG"
"2","Albania","63","1.29",13965,28748,3088385,107.43,"ALB"
"3","Algeria","74.3","1.99",11511,2381740,43576691,18.3,"DZA"
"4","American Samoa","87.2","0.26",11200,224,46366,206.99,"ASM"
"5","Andorra","87.9","0.11",49900,468,85645,183,"AND"
"6","Angola","67.5","4.04",6670,1246700,33642646,26.99,"AGO"
"7","Anguilla","100","0.47",12200,91,18403,202.23,"AIA"
"8","Antigua and Barbuda","24.4","0.87",21910,443,99175,223.87,"ATG"
"9","Argentina","92.2","0.97",22064,2780400,45864941,16.5,"ARG"
"10","Armenia","63.4","0.23",13654,29743,3011609,101.25,"ARM"
"11","Aruba","43.9","0.77",37500,180,120917,671.76,"ABW"
"12","Australia","86.4","1.27",49854,7741220,25809973,3.33,"AUS"
"13","Austria","59","0.68",56188,83871,8884864,105.93,"AUT"
"14","Azerbaijan","56.8","1.38",14404,86600,10282283,118.73,"AZE"
"15","Bahamas, The","83.4","1.02",37101,13880,352655,25.41,"BHS"
"16","Bahrain","89.6","1.99",45011,760,1526929,2009.12,"BHR"
"17","Bangladesh","38.9","2.88",4754,148460,164098818,1105.34,"BGD"
"18","Barbados","31.2","0.46",15639,430,301865,702.01,"BRB"
"19","Belarus","79.9","0.28",19150,207600,9441842,45.48,"BLR"
"20","Belgium","98.1","0.38",51934,30528,11778842,385.84,"BEL"
"21","Belize","46.2","2.3",7005,22966,405633,17.66,"BLZ"
"22","Benin","49","3.74",3287,112622,13301694,118.11,"BEN"
"23","Bermuda","100","-0.2",81798,54,72084,1334.89,"BMU"
"24","Bhutan","43","2.52",11832,38394,857423,22.33,"BTN"
"25","Bolivia","70.5","1.87",8724,1098581,11758869,10.7,"BOL"
"26","Bosnia and Herzegovina","49.4","0.61",14912,51197,3824782,74.71,"BIH"
"27","Botswana","71.6","2.47",17767,581730,2350667,4.04,"BWA"
"28","Brazil","87.3","0.87",14652,8515770,213445417,25.06,"BRA"
"29","British Virgin Islands","48.9","1.73",34200,151,37891,250.93,"VGB"
"30","Brunei","78.6","1.44",62100,5765,471103,81.72,"BRN"
"31","Bulgaria","76","-0.28",23174,110879,6919180,62.4,"BGR"
"32","Burkina Faso","31.2","4.75",2178,274200,21382659,77.98,"BFA"
"33","Burma","31.4","1.85",5142,676578,57069099,84.35,"MMR"
"34","Burundi","14.1","5.43",752,27830,12241065,439.85,"BDI"
"35","Cabo Verde","67.1","1.83",7172,4033,589451,146.16,"CPV"
"36","Cambodia","24.7","3.06",4389,181035,17304363,95.59,"KHM"
"37","Cameroon","58.1","3.43",3642,475440,28524175,60,"CMR"
"38","Canada","81.7","0.95",49031,9984670,37943231,3.8,"CAN"
"39","Cayman Islands","100","1.13",71549,264,63131,239.13,"CYM"
"40","Central African Republic","42.6","3.32",945,622984,5357984,8.6,"CAF"
"41","Chad","23.8","4.1",1580,1284000,17414108,13.56,"TCD"
"42","Chile","87.8","0.78",24226,756102,18307925,24.21,"CHL"
"43","China","62.5","1.78",16117,9596960,1397897720,145.66,"CHN"
"44","Colombia","81.7","1.01",14722,1138910,50355650,44.21,"COL"
"45","Comoros","29.6","2.97",3060,2235,864335,386.73,"COM"
"46","Congo, Democratic Republic of the","46.2","4.33",1098,2344858,105044646,44.8,"COD"
"47","Congo, Republic of the","68.3","3.19",3673,342000,5417414,15.84,"COG"
"48","Cook Islands","75.7","0.52",16700,236,8327,35.28,"COK"
"49","Costa Rica","81.4","1.5",19642,51100,5151140,100.81,"CRI"
"50","Cote d'Ivoire","52.2","3.38",5213,322463,28088455,87.11,"CIV"
"51","Croatia","57.9","0.05",28602,56594,4208973,74.37,"HRV"
"52","Cuba","77.3","0.19",12300,110860,11032343,99.52,"CUB"
"53","Curacao","89.1","0.57",24479,444,151885,342.08,"CUW"
"54","Cyprus","66.9","0.76",39545,9251,1281506,138.53,"CYP"
"55","Czechia","74.2","0.2",40862,78867,10702596,135.7,"CZE"
"56","Denmark","88.2","0.54",57804,43094,5894687,136.79,"DNK"
"57","Djibouti","78.2","1.56",5535,23200,938413,40.45,"DJI"
"58","Dominica","71.4","0.84",11917,751,74584,99.31,"DMA"
"59","Dominican Republic","83.2","1.64",18413,48670,10597348,217.74,"DOM"
"60","Ecuador","64.4","1.62",11375,283561,17093159,60.28,"ECU"
"61","Egypt","42.9","1.9",11763,1001450,106437241,106.28,"EGY"
"62","El Salvador","74.1","1.33",8776,21041,6528135,310.26,"SLV"
"63","Equatorial Guinea","73.6","3.62",18558,28051,857008,30.55,"GNQ"
"64","Eritrea","42","3.67",1600,117600,6147398,52.27,"ERI"
"65","Estonia","69.4","-0.03",36927,45228,1220042,26.98,"EST"
"66","Eswatini","24.4","2.42",8622,17364,1113276,64.11,"SWZ"
"67","Ethiopia","22.2","4.4",2221,1104300,110871031,100.4,"ETH"
"68","Falkland Islands (Islas Malvinas)","78.9","0.53",70800,12173,3198,0.26,"FLK"
"69","Faroe Islands","42.6","0.89",40000,1393,51943,37.29,"FRO"
"70","Fiji","57.7","1.37",13684,18274,939535,51.41,"FJI"
"71","Finland","85.6","0.42",48668,338145,5587442,16.52,"FIN"
"72","France","81.2","0.67",46184,643801,68084217,105.75,"FRA"
"73","French Polynesia","62.1","0.65",17000,4167,297154,71.31,"PYF"
"74","Gabon","90.4","2.27",14950,267667,2284912,8.54,"GAB"
"75","Gambia, The","63.2","3.75",2223,11300,2221301,196.58,"GMB"
"76","Gaza Strip","77","2.85",6220,360,1957062,5436.28,"PSE"
"77","Georgia","59.9","0.35",14992,69700,4933674,70.78,"GEO"
"78","Germany","77.5","0.13",53919,357022,79903481,223.81,"DEU"
"79","Ghana","58","3.06",5413,238533,32372889,135.72,"GHA"
"80","Gibraltar","100","0.45",61700,7,29516,4216.57,"GIB"
"81","Greece","80","0.11",29799,131957,10569703,80.1,"GRC"
"82","Greenland","87.5","0.41",41800,2166086,57799,0.03,"GRL"
"83","Grenada","36.7","0.86",17039,344,113570,330.15,"GRD"
"84","Guam","95","0.84",35600,544,168801,310.3,"GUM"
"85","Guatemala","52.2","2.59",8637,108889,17422821,160.01,"GTM"
"86","Guernsey","31","0.68",52500,78,67334,863.26,"GGY"
"87","Guinea","37.3","3.64",2562,245857,12877894,52.38,"GIN"
"88","Guinea-Bissau","44.6","3.22",1989,36125,1976187,54.7,"GNB"
"89","Guyana","26.9","1.01",13082,214969,787971,3.67,"GUY"
"90","Haiti","58","2.47",2905,27750,11198240,403.54,"HTI"
"91","Honduras","59","2.48",5728,112090,9346277,83.38,"HND"
"92","Hong Kong","100","0.58",59848,1108,7263234,6555.27,"HKG"
"93","Hungary","72.2","0.05",32945,93028,9728337,104.57,"HUN"
"94","Iceland","93.9","0.74",55874,103000,354234,3.44,"ISL"
"95","India","35.4","2.33",6700,3287263,1339330514,407.43,"IND"
"96","Indonesia","57.3","1.99",11812,1904569,275122131,144.45,"IDN"
"97","Iran","76.3","1.32",12389,1648195,85888910,52.11,"IRN"
"98","Iraq","71.1","2.91",10881,438317,39650145,90.46,"IRQ"
"99","Ireland","63.9","1.15",86781,70273,5224884,74.35,"IRL"
"100","Isle of Man","53.1","0.97",84600,572,90895,158.91,"IMN"
"101","Israel","92.7","1.51",41953,21937,8787045,400.56,"ISR"
"102","Italy","71.3","0.27",42492,301340,62390364,207.04,"ITA"
"103","Jamaica","56.7","0.79",9762,10991,2816602,256.26,"JAM"
"104","Japan","91.9","-0.25",41429,377915,124687293,329.93,"JPN"
"105","Jersey","31","0.68",56600,116,101476,874.79,"JEY"
"106","Jordan","91.6","0.98",10071,89342,10909567,122.11,"JOR"
"107","Kazakhstan","57.8","1.19",26351,2724900,19245793,7.06,"KAZ"
"108","Kenya","28.5","4.09",4330,580367,54685051,94.22,"KEN"
"109","Kiribati","56.3","2.77",2272,811,113001,139.34,"KIR"
"110","Korea, North","62.6","0.85",1700,120538,25831360,214.3,"PRK"
"111","Korea, South","81.4","0.31",42765,99720,51715162,518.6,"KOR"
"112","Kuwait","100","1.35",49854,17818,3032065,170.17,"KWT"
"113","Kyrgyzstan","37.1","2.05",5253,199951,6018789,30.1,"KGZ"
"114","Laos","36.9","2.99",7826,236800,7574356,31.99,"LAO"
"115","Latvia","68.4","-0.68",30898,64589,1862687,28.84,"LVA"
"116","Lebanon","89.1","-1.23",14552,10400,5261372,505.9,"LBN"
"117","Lesotho","29.5","2.77",2704,30355,2177740,71.74,"LSO"
"118","Liberia","52.6","3.41",1428,111369,5214030,46.82,"LBR"
"119","Libya","81","1.45",15174,1759540,7017224,3.99,"LBY"
"120","Liechtenstein","14.5","1.15",139100,160,39425,246.41,"LIE"
"121","Lithuania","68.2","-0.12",37231,65300,2711566,41.52,"LTU"
"122","Luxembourg","91.7","1.43",114482,2586,639589,247.33,"LUX"
"123","Macau","100","1.46",123965,28,630396,22514.14,"MAC"
"124","Madagascar","39.2","4.26",1647,587041,27534354,46.9,"MDG"
"125","Malawi","17.7","4.41",1060,118484,20308502,171.4,"MWI"
"126","Malaysia","77.7","1.87",28364,329847,33519406,101.62,"MYS"
"127","Maldives","41.1","2.34",19531,298,390669,1310.97,"MDV"
"128","Mali","44.7","4.57",2322,1240192,20137527,16.24,"MLI"
"129","Malta","94.8","0.28",44032,316,460891,1458.52,"MLT"
"130","Marshall Islands","78.2","0.61",3889,181,78831,435.53,"MHL"
"131","Mauritania","56.1","3.84",5197,1030700,4079284,3.96,"MRT"
"132","Mauritius","40.8","0.28",22870,2040,1386129,679.48,"MUS"
"133","Mexico","81","1.4",19796,1964375,130207371,66.28,"MEX"
"134","Micronesia, Federated States of","23.1","1.52",3464,702,101675,144.84,"FSM"
"135","Moldova","43","0.09",13050,33851,3323875,98.19,"MDA"
"136","Monaco","100","0.5",115700,2,31223,15611.5,"MCO"
"137","Mongolia","68.8","1.4",12317,1564116,3198913,2.05,"MNG"
"138","Montenegro","67.8","0.45",21470,13812,607414,43.98,"MNE"
"139","Montserrat","9.2","0.94",34000,102,5387,52.81,"MSR"
"140","Morocco","64.1","1.88",7515,716550,36561813,51.02,"MAR"
"141","Mozambique","37.6","4.24",1281,799380,30888034,38.64,"MOZ"
"142","Namibia","53","3.64",9637,824292,2678191,3.25,"NAM"
"143","Nauru","100","0.18",11583,21,9770,465.24,"NRU"
"144","Nepal","21","3.09",3417,147181,30424878,206.72,"NPL"
"145","Netherlands","92.6","0.59",56935,41543,17337403,417.34,"NLD"
"146","New Caledonia","71.9","1.72",31100,18575,293608,15.81,"NCL"
"147","New Zealand","86.8","0.92",42888,268838,4991442,18.57,"NZL"
"148","Nicaragua","59.3","1.45",5407,130370,6243931,47.89,"NIC"
"149","Niger","16.8","4.72",1225,1267000,23605767,18.63,"NER"
"150","Nigeria","52.7","3.92",5136,923768,219463862,237.57,"NGA"
"151","Niue","46.9","1.43",5800,260,2000,7.69,"NIU"
"152","Northern Mariana Islands","91.9","0.36",24500,464,51659,111.33,"MNP"
"153","Norway","83.3","1.32",63633,323802,5509591,17.02,"NOR"
"154","Oman","87","2.32",27299,309500,3694755,11.94,"OMN"
"155","Pakistan","37.4","2.1",4690,796095,238181034,299.19,"PAK"
"156","Palau","81.5","1.59",17579,459,21613,47.09,"PLW"
"157","Panama","68.8","1.92",31459,75420,3928646,52.09,"PAN"
"158","Papua New Guinea","13.5","2.91",4355,462840,7399757,15.99,"PNG"
"159","Paraguay","62.5","1.64",12685,406752,7272639,17.88,"PRY"
"160","Peru","78.3","1.33",12848,1285216,32201224,25.06,"PER"
"161","Philippines","47.7","2.04",8908,3e+05,110818325,369.39,"PHL"
"162","Poland","60.1","-0.16",33221,312685,38185913,122.12,"POL"
"163","Portugal","66.8","0.44",34894,92090,10263850,111.45,"PRT"
"164","Puerto Rico","93.6","-0.12",34518,9104,3142779,345.21,"PRI"
"165","Qatar","99.3","1.66",90044,11586,2479995,214.05,"QAT"
"166","Romania","54.3","-0.15",29941,238391,21230362,89.06,"ROU"
"167","Russia","74.9","0.11",27044,17098242,142320790,8.32,"RUS"
"168","Rwanda","17.6","3.07",2227,26338,12943132,491.42,"RWA"
"169","Saint Helena, Ascension, and Tristan da Cunha","40.3","0.98",7800,394,7915,20.09,"SHN"
"170","Saint Kitts and Nevis","30.9","1.06",26438,261,54149,207.47,"KNA"
"171","Saint Lucia","18.9","0.98",15449,616,166637,270.51,"LCA"
"172","Saint Pierre and Miquelon","90","0.75",46200,242,5321,21.99,"SPM"
"173","Saint Vincent and the Grenadines","53.5","0.94",12485,389,101145,260.01,"VCT"
"174","Samoa","17.7","-0.03",6521,2831,204898,72.38,"WSM"
"175","San Marino","97.6","0.41",59439,61,34467,565.03,"SMR"
"176","Sao Tome and Principe","75.1","2.96",3970,964,213948,221.94,"STP"
"177","Saudi Arabia","84.5","1.69",46962,2149690,34783757,16.18,"SAU"
"178","Senegal","48.6","3.59",3395,196722,16082442,81.75,"SEN"
"179","Serbia","56.7","0.04",18233,77474,6974289,90.02,"SRB"
"180","Seychelles","58","0.99",29223,455,96387,211.84,"SYC"
"181","Sierra Leone","43.4","3.02",1718,71740,6807277,94.89,"SLE"
"182","Singapore","100","0.74",97341,719,5866139,8158.75,"SGP"
"183","Sint Maarten","100","1.16",35342,34,44564,1310.71,"SXM"
"184","Slovakia","53.8","0.17",32730,49035,5436066,110.86,"SVK"
"185","Slovenia","55.4","0.54",39088,20273,2102106,103.69,"SVN"
"186","Solomon Islands","25.1","3.57",2663,28896,690598,23.9,"SLB"
"187","South Africa","67.8","1.72",12482,1219090,56978635,46.74,"ZAF"
"188","South Sudan","20.5","4.12",1600,644329,10984074,17.05,"SSD"
"189","Spain","81.1","0.24",40903,505370,47260584,93.52,"ESP"
"190","Sri Lanka","18.9","1.22",13078,65610,23044123,351.23,"LKA"
"191","Sudan","35.6","3.43",3958,1861484,46751152,25.11,"SDN"
"192","Suriname","66.2","0.88",16525,163820,614749,3.75,"SUR"
"193","Sweden","88.2","0.89",53240,450295,10261767,22.79,"SWE"
"194","Switzerland","74","0.79",68628,41277,8453550,204.8,"CHE"
"195","Syria","56.1","5.38",2900,187437,20384316,108.75,"SYR"
"196","Taiwan","79.3","0.65",24502,35980,23572052,655.14,"TWN"
"197","Tajikistan","27.7","2.73",3380,144100,8990874,62.39,"TJK"
"198","Tanzania","36","4.89",2660,947300,62092761,65.55,"TZA"
"199","Thailand","52.2","1.43",18460,513120,69480520,135.41,"THA"
"200","Timor-Leste","31.7","3.31",3553,14874,1413958,95.06,"TLS"
"201","Togo","43.4","3.6",1597,56785,8283189,145.87,"TGO"
"202","Tokelau","0","0",6004,12,1647,137.25,"TKL"
"203","Tonga","23.1","0.99",6383,747,105780,141.61,"TON"
"204","Trinidad and Tobago","53.3","0.23",26176,5128,1221047,238.11,"TTO"
"205","Tunisia","69.9","1.34",10756,163610,11811335,72.19,"TUN"
"206","Turkey","76.6","1.11",28424,783562,82482383,105.27,"TUR"
"207","Turkmenistan","53","2.23",14845,488100,5579889,11.43,"TKM"
"208","Turks and Caicos Islands","93.8","1.46",29253,948,57196,60.33,"TCA"
"209","Tuvalu","64.8","2.08",4281,26,11448,440.31,"TUV"
"210","Uganda","25.6","5.41",2187,241038,44712143,185.5,"UGA"
"211","Ukraine","69.8","-0.27",12810,603550,43745640,72.48,"UKR"
"212","United Arab Emirates","87.3","1.5",67119,83600,9856612,117.9,"ARE"
"213","United Kingdom","84.2","0.8",46659,243610,67081000,275.36,"GBR"
"214","United States","82.9","0.96",62530,9833517,334998398,34.07,"USA"
"215","Uruguay","95.6","0.4",21561,176215,3398239,19.28,"URY"
"216","Uzbekistan","50.4","1.25",6999,447400,30842796,68.94,"UZB"
"217","Vanuatu","25.7","2.55",3153,12189,303009,24.86,"VUT"
"218","Venezuela","88.3","1.16",7704,912050,29069153,31.87,"VEN"
"219","Vietnam","38.1","2.7",8041,331210,102789598,310.35,"VNM"
"220","Virgin Islands","96","-0.11",37000,1910,105870,55.43,NA
"221","Wallis and Futuna","0","0",3800,142,15851,111.63,"WLF"
"222","West Bank","77","2.85",6220,5860,2949246,503.28,"PSE"
"223","Yemen","38.5","3.71",2500,527968,30399243,57.58,"YEM"
"224","Zambia","45.2","4.15",3470,752618,19077816,25.35,"ZMB"
"225","Zimbabwe","32.3","2.41",2836,390757,14829988,37.95,"ZWE"
