COUNTRY_CODE,COUNTRY_NAME,POPULATION,TOTAL_CASES,TOTAL_DEATHS,TOTAL_VACCINATIONS,ONE_DOSE_VACCINATED,FULLY_VACCINATED,FIRST_VACCINE_DATE,LAST_UPDATED_DATE,STRINGENCY_INDEX,URBANISATION_RATE,URBANISATION_YEARLY_CHANGE,GDP_PER_CAP,DENSITY,AVG_TEMPARATURE,PERCIPITATION,INFECTION_RATE_PER_100,DEATHS_PER_10000,TOTAL_VACCINATIONS_PER_200,OECD_COUNTRY
USA,United States of America,334998398,44408612,715179,416110353,233521350,203896677,2020-12-14,2021-10-15,61.57,82.9,0.96,62530,34.07,10.47,2.99,13.26,21.35,248,Yes
IND,India,1339330514,34081315,452290,951984373,683009792,268974581,2021-01-16,2021-10-11,54.17,35.4,2.33,6700,407.43,26.99,11.19,2.54,3.38,142,No
BRA,Brazil,213445417,21597949,601574,246737803,151223500,105063574,2021-01-17,2021-10-15,40.28,87.3,0.87,14652,25.06,24.47,6.04,10.12,28.18,231,No
GBR,The United Kingdom,67081000,8449169,138584,94376101,49186920,45073591,2020-12-21,2021-10-12,41.2,84.2,0.8,46659,275.36,10.14,2.35,12.6,20.66,281,Yes
RUS,Russian Federation,142320790,8027012,224310,94491689,49463056,45028077,NA,2021-10-13,54.17,74.9,0.11,27044,8.32,2.01,1.62,5.64,15.76,133,No
TUR,Turkey,82482383,7654277,67623,112360409,54497626,46903485,NA,2021-10-13,58.33,76.6,1.11,28424,105.27,17.05,2.68,9.28,8.2,272,Yes
FRA,France,68084217,6869661,114924,101500513,54375564,47124949,2020-12-30,2021-10-10,66.67,81.2,0.67,46184,105.75,13.12,1.94,10.09,16.88,298,Yes
IRN,Iran (Islamic Republic of),85888910,5784815,124075,72643522,48474187,24169335,2021-02-09,2021-10-17,72.69,76.3,1.32,12389,52.11,21.77,0.35,6.74,14.45,169,No
ARG,Argentina,45864941,5268653,115582,55103707,30878639,24392652,2020-12-29,2021-10-15,42.59,92.2,0.97,22064,16.5,15.67,6.17,11.49,25.2,240,No
ESP,Spain,47260584,4982139,86917,70314445,37819556,32494889,2020-12-30,2021-10-10,42.13,81.1,0.24,40903,93.52,16.95,1.51,10.54,18.39,298,Yes
COL,Colombia,50355650,4975656,126726,43881718,28245104,22818571,2021-02-17,2021-10-15,51.39,81.7,1.01,14722,44.21,NA,NA,9.88,25.17,174,Yes
ITA,Italy,62390364,4717899,131541,85340965,45535455,39802834,2020-12-23,2021-10-10,71.3,71.3,0.27,42492,207.04,15.49,1.31,7.56,21.08,274,Yes
DEU,Germany,79903481,4377845,94628,108031313,56995598,51035715,2020-12-23,2021-10-10,54.63,77.5,0.13,53919,223.81,11.38,1.98,5.48,11.84,270,Yes
IDN,Indonesia,275122131,4235384,142999,160393612,101673077,58720535,2021-01-13,2021-10-12,71.76,57.3,1.99,11812,144.45,27.14,15.03,1.54,5.2,117,No
MEX,Mexico,130207371,3738749,283193,108947179,67340974,57571781,2020-12-24,2021-10-15,35.19,81,1.4,19796,66.28,23.9,2.4,2.87,21.75,167,Yes
POL,Poland,38185913,2941126,76115,37942585,20264484,17555844,2020-12-23,2021-10-10,38.89,60.1,-0.16,33221,122.12,10.11,2.59,7.7,19.93,199,Yes
ZAF,South Africa,56978635,2916593,88612,20200231,14097921,10759755,2021-02-17,2021-10-17,45.37,67.8,1.72,12482,46.74,15.95,4.59,5.12,15.55,71,No
PHL,Philippines,110818325,2720368,40675,48202516,29161418,22650384,2021-03-01,2021-10-07,74.54,47.7,2.04,8908,369.39,27.25,10.57,2.45,3.67,87,No
UKR,Ukraine,43745640,2644694,60810,13679116,7597392,6081724,2021-02-24,2021-10-10,58.33,69.8,-0.27,12810,72.48,12.03,4.43,6.05,13.9,63,No
MYS,Malaysia,33519406,2390687,27921,44805857,24309648,21004275,2021-02-24,2021-10-08,59.26,77.7,1.87,28364,101.62,27.32,8.54,7.13,8.33,267,No
PER,Peru,32201224,2186246,199746,30973978,17388054,13585924,2021-02-09,2021-10-15,66.67,78.3,1.33,12848,25.06,21.81,6.48,6.79,62.03,192,No
NLD,Netherlands,17337403,2047711,18248,22497392,12226740,10270652,2021-01-06,2021-10-10,45.37,92.6,0.59,56935,417.34,11.27,1.9,11.81,10.53,260,Yes
IRQ,Iraq,39650145,2035453,22756,8506934,5260678,3246256,2021-03-02,2021-10-17,75.93,71.1,2.91,10881,90.46,28.88,0.17,5.13,5.74,43,No
THA,Thailand,69480520,1793812,18336,59258667,35462170,23796497,2021-02-28,2021-10-11,55.09,52.2,1.43,18460,135.41,28.26,9.41,2.58,2.64,171,No
JPN,Japan,124687293,1714720,18103,172127058,92174332,79952726,2021-02-17,2021-10-07,47.22,91.9,-0.25,41429,329.93,16.74,6.53,1.38,1.45,276,Yes
CZE,Czechia,10702596,1709716,30554,11867179,6107648,5759531,2020-12-23,2021-10-10,32.41,74.2,0.2,40862,135.7,9.15,3.13,15.97,28.55,222,Yes
CAN,Canada,37943231,1670234,28367,57104113,29484916,27619197,2020-12-14,2021-10-15,68.06,81.7,0.95,49031,3.8,5.71,2.09,4.4,7.48,301,Yes
CHL,Chile,18307925,1665916,37583,33942329,16066654,14913108,2020-12-21,2021-10-15,26.39,87.8,0.78,24226,24.21,13.24,1.36,9.1,20.53,371,Yes
BGD,Bangladesh,164098818,1565488,27768,55213069,36919347,18293722,2021-01-27,2021-10-11,49.07,38.9,2.88,4754,1105.34,24.96,0,0.95,1.69,67,No
ROU,Romania,21230362,1467401,42042,10456618,5812513,4644105,2021-01-27,2021-10-10,55.56,54.3,-0.15,29941,89.06,11.97,2.18,6.91,19.8,99,No
ISR,Israel,8787045,1316658,7999,11814585,6147179,5667406,2020-12-16,2021-10-03,56.48,92.7,1.51,41953,400.56,22.27,1.19,14.98,9.1,269,Yes
BEL,Belgium,11778842,1279869,25747,16703395,8626712,8076683,2020-12-30,2021-10-10,41.67,98.1,0.38,51934,385.84,11.74,2.97,10.87,21.86,284,Yes
PAK,Pakistan,238181034,1264384,28269,92597193,30164789,34299139,2021-02-03,2021-10-11,37.5,37.4,2.1,4690,299.19,25.31,4.77,0.53,1.19,78,No
SWE,Sweden,10261767,1161933,14956,13701483,7140804,6560679,2020-12-23,2021-10-03,19.44,88.2,0.89,53240,22.79,7.03,1.42,11.32,14.57,267,Yes
PRT,Portugal,10263850,1079806,18097,16104650,8975553,7126357,2020-12-23,2021-10-10,47.22,66.8,0.44,34894,111.45,17.86,3.21,10.52,17.63,314,Yes
SRB,Serbia,6974289,1048835,9105,6043997,3085630,2958367,2020-12-23,2021-10-03,40.74,56.7,0.04,18233,90.02,14.78,1.78,15.04,13.06,173,No
KAZ,Kazakhstan,19245793,996141,16713,13647786,6929350,6718436,2021-04-28,2021-10-10,66.2,57.8,1.19,26351,7.06,10.8,12.85,5.18,8.68,142,No
MAR,Morocco,36561813,942132,14544,44867769,23236666,20925569,2021-01-28,2021-10-17,65.74,64.1,1.88,7515,51.02,19.62,1.2,2.58,3.98,245,No
CUB,Cuba,11032343,928684,7994,23628367,9671500,6871192,NA,2021-10-15,65.28,77.3,0.19,12300,99.52,27.39,5.45,8.42,7.25,428,No
VNM,Viet Nam,102789598,864053,21194,50558288,36901468,13656820,2021-03-08,2021-10-07,53.24,38.1,2.7,8041,310.35,26.41,5.63,0.84,2.06,98,No
CHE,Switzerland,8453550,851002,10733,10809806,5604427,5205379,2020-12-23,2021-10-10,46.3,74,0.79,68628,204.8,9.22,4.53,10.07,12.7,256,Yes
JOR,Jordan,10909567,841489,10879,7244287,3826630,3417657,2021-01-13,2021-10-18,57.41,91.6,0.98,10071,122.11,23.81,1.44,7.71,9.97,133,No
HUN,Hungary,9728337,836389,30402,11341704,5855701,5486003,2020-12-23,2021-10-10,27.78,72.2,0.05,32945,104.57,13.27,1.7,8.6,31.25,233,Yes
NPL,Nepal,30424878,805560,11293,14483226,8041594,6441632,2021-01-27,2021-10-10,46.3,21,3.09,3417,206.72,20.84,5.3,2.65,3.71,95,No
AUT,Austria,8884864,772344,10932,10952246,5788154,5164092,2020-12-30,2021-10-10,51.85,59,0.68,56188,105.93,9.04,9.51,8.69,12.3,247,Yes
ARE,United Arab Emirates,9856612,738586,2120,20725097,NA,NA,2020-12-14,2021-10-18,39.35,87.3,1.5,67119,117.9,30.61,0,7.49,2.15,421,No
TUN,Tunisia,11811335,710906,25098,8281311,5172620,3956254,2021-03-13,2021-10-05,28.7,69.9,1.34,10756,72.19,22.17,0.46,6.02,21.25,140,No
GRC,Greece,10569703,693886,15375,12237358,6451036,5786322,2020-12-23,2021-10-10,49.54,80,0.11,29799,80.1,19.63,0.99,6.56,14.55,232,Yes
GEO,Georgia,4933674,664813,9510,1790050,965971,824079,2021-03-17,2021-10-10,39.81,59.9,0.35,14992,70.78,15.38,2.02,13.48,19.28,73,No
LBN,Lebanon,5261372,633909,8425,3247459,1769205,1478254,2021-02-14,2021-10-11,34.26,89.1,-1.23,14552,505.9,20.85,2.59,12.05,16.01,123,No
GTM,Guatemala,17422821,583201,14177,7881191,4966834,2914357,2021-02-25,2021-10-15,49.54,52.2,2.59,8637,160.01,NA,NA,3.35,8.14,90,No
BLR,Belarus,9441842,571987,4402,4218130,2468546,1749584,2021-02-03,2021-10-10,19.44,79.9,0.28,19150,45.48,7.59,4.4,6.06,4.66,89,No
CRI,Costa Rica,5151140,549084,6744,5921089,3525260,2395829,2020-12-24,2021-10-15,54.63,81.4,1.5,19642,100.81,25.75,12.12,10.66,13.09,230,Yes
SAU,Saudi Arabia,34783757,547931,8763,44698978,23924621,20774357,2021-01-06,2021-10-18,55.56,84.5,1.69,46962,16.18,27.73,11.81,1.58,2.52,257,No
BGR,Bulgaria,6919180,540619,22274,2584930,1426913,1158017,2020-12-30,2021-10-10,47.22,76,-0.28,23174,62.4,13.98,1.85,7.81,32.19,75,No
LKA,Sri Lanka,23044123,531648,13484,27285321,14731502,12553819,2021-01-29,2021-10-12,63.89,18.9,1.22,13078,351.23,26.15,4.06,2.31,5.85,237,No
ECU,Ecuador,17093159,512071,32848,21297504,11670616,10412950,2021-01-21,2021-10-15,58.8,64.4,1.62,11375,60.28,20.95,6.35,3,19.22,249,No
BOL,Bolivia (Plurinational State of),11758869,505157,18811,6931689,4357421,4357256,2021-01-30,2021-10-08,31.02,70.5,1.87,8724,10.7,23.19,8.82,4.3,16,118,No
AZE,Azerbaijan,10282283,502207,6765,8646806,4782922,3863884,2021-01-20,2021-10-10,60.19,56.8,1.38,14404,118.73,17.33,10.95,4.88,6.58,168,No
MMR,Myanmar,57069099,487853,18359,12172772,8060065,4112707,2021-01-27,2021-10-02,71.3,31.4,1.85,5142,84.35,28.48,17.67,0.85,3.22,43,No
PAN,Panama,3928646,469569,7275,5630863,3015469,2610560,2021-01-20,2021-10-15,72.69,68.8,1.92,31459,52.09,NA,NA,11.95,18.52,287,No
PRY,Paraguay,7272639,460277,16207,4926677,2868610,2058067,2021-02-22,2021-10-15,35.19,62.5,1.64,12685,17.88,22.04,8.53,6.33,22.28,135,No
PSE,"occupied Palestinian territory, including east Jerusalem",1957062,448322,4585,NA,NA,NA,NA,NA,47.22,77,2.85,6220,5436.28,NA,NA,22.91,23.43,NA,No
SVK,Slovakia,5436066,437938,12854,4744851,2451348,2293503,2021-01-06,2021-10-10,34.72,53.8,0.17,32730,110.86,11.12,2.67,8.06,23.65,175,Yes
HRV,Croatia,4208973,427914,8896,3488309,1848985,1634415,2020-12-23,2021-10-10,35.19,57.9,0.05,28602,74.37,16.01,2.37,10.17,21.14,166,No
IRL,Ireland,5224884,415114,5306,7255783,3780945,3474838,2020-12-30,2021-10-10,44.44,63.9,1.15,86781,74.35,10.63,3.15,7.94,10.16,278,Yes
KWT,Kuwait,3032065,412332,2457,2380000,NA,NA,2020-12-28,2021-08-04,40.74,100,1.35,49854,170.17,29.55,0.42,13.6,8.1,157,No
URY,Uruguay,3398239,390394,6065,6460639,2749431,2602781,2021-02-27,2021-10-15,55.56,95.6,0.4,21561,19.28,17.68,3.56,11.49,17.85,380,No
VEN,Venezuela (Bolivarian Republic of),29069153,387393,4667,16127242,9926613,6190629,2021-02-22,2021-10-15,80.56,88.3,1.16,7704,31.87,NA,NA,1.33,1.61,111,No
HND,Honduras,9346277,371431,10065,6058428,3520903,2538275,2021-02-26,2021-10-15,82.41,59,2.48,5728,83.38,26.55,3.27,3.97,10.77,130,No
LTU,Lithuania,2711566,370119,5456,3232599,1766456,1462903,2020-12-23,2021-10-10,25.93,68.2,-0.12,37231,41.52,9.2,3.65,13.65,20.12,238,Yes
DNK,Denmark,5894687,368651,2685,8845099,4481058,4364041,2020-12-30,2021-10-10,24.07,88.2,0.54,57804,136.79,9.25,2.24,6.25,4.55,300,Yes
DOM,Dominican Republic,10597348,368131,4082,12363423,6234415,5050180,2021-02-16,2021-10-15,65.74,83.2,1.64,18413,217.74,27.08,5.14,3.47,3.85,233,No
ETH,Ethiopia,110871031,359247,6217,4007643,2047695,1959948,2021-03-13,2021-10-17,43.52,22.2,4.4,2221,100.4,20.77,8.84,0.32,0.56,7,No
LBY,Libya,7017224,349990,4883,1799014,1467363,331651,2021-04-11,2021-10-17,44.44,81,1.45,15174,3.99,24.57,2.29,4.99,6.96,51,No
KOR,Republic of Korea,51715162,343445,2668,68888152,39920919,30426399,2021-02-26,2021-10-11,47.22,81.4,0.31,42765,518.6,15.97,11.86,0.66,0.52,266,Yes
MNG,Mongolia,3198913,332225,1454,4718157,2252452,2132904,2021-02-23,2021-10-08,37.04,68.8,1.4,12317,2.05,4.81,6.93,10.39,4.55,295,No
EGY,Egypt,106437241,318456,17970,20154366,13552189,6602177,2021-01-24,2021-10-08,43.52,42.9,1.9,11763,106.28,24.5,10.3,0.3,1.69,38,No
MDA,Republic of Moldova,3323875,316529,7241,1434879,844032,590847,2021-03-03,2021-10-10,25.93,43,0.09,13050,98.19,11.48,7.63,9.52,21.78,86,No
SVN,Slovenia,2102106,308136,4992,2048060,1134622,913438,2020-12-23,2021-10-10,35.19,55.4,0.54,39088,103.69,6.7,3.44,14.66,23.75,195,Yes
OMN,Oman,3694755,304054,4105,5271912,2962504,2309408,2020-12-29,2021-10-10,37.96,87,2.32,27299,11.94,29.6,1.49,8.23,11.11,285,No
ARM,Armenia,3011609,283183,5805,546554,375215,171339,2021-06-16,2021-10-10,NA,63.4,0.23,13654,101.25,10.8,3.05,9.4,19.28,36,No
BHR,Bahrain,1526929,276118,1391,2708159,1171032,1133745,2020-11-04,2021-10-17,43.52,89.6,1.99,45011,2009.12,29.57,0.07,18.08,9.11,355,No
KEN,Kenya,54685051,252033,5223,4500179,3291192,1208987,2021-03-05,2021-10-16,54.17,28.5,4.09,4330,94.22,24.23,5.95,0.46,0.96,16,No
BIH,Bosnia and Herzegovina,3824782,244812,11157,1242203,734195,508001,NA,2021-09-29,35.19,49.4,0.61,14912,74.71,13.98,2.78,6.4,29.17,65,No
QAT,Qatar,2479995,237929,608,4793618,2134729,1816789,2020-12-23,2021-10-18,55.56,99.3,1.66,90044,214.05,30.44,0,9.59,2.45,387,No
ZMB,Zambia,19077816,209521,3658,757182,319778,429062,2021-04-14,2021-10-05,21.3,45.2,4.15,3470,25.35,NA,NA,1.1,1.92,8,No
NGA,Nigeria,219463862,209298,2837,7676012,5196052,2479960,2021-03-05,2021-10-12,50.93,52.7,3.92,5136,237.57,27.55,15.61,0.1,0.13,7,No
DZA,Algeria,43576691,205286,5872,10925049,6287679,4637370,2021-01-30,2021-10-13,56.48,74.3,1.99,11511,18.3,22.94,0.78,0.47,1.35,50,No
NOR,Norway,5509591,196348,884,7872737,4183549,3689188,2020-12-23,2021-10-10,20.37,83.3,1.32,63633,17.02,5.59,2.38,3.56,1.6,286,Yes
LVA,Latvia,1862687,185616,2890,1617986,906378,711608,2020-12-30,2021-10-03,47.22,68.4,-0.68,30898,28.84,10.09,2.42,9.96,15.52,174,Yes
PRI,Puerto Rico,3142779,182942,3201,4809093,2646177,2430842,NA,2021-10-15,23.15,93.6,-0.12,34518,345.21,NA,3.85,5.82,10.19,306,No
BWA,Botswana,2350667,181856,2386,633286,584504,359856,2021-03-26,2021-10-14,62.04,71.6,2.47,17767,4.04,21.32,5.54,7.74,10.15,54,No
UZB,Uzbekistan,30842796,181312,1290,19831496,10422560,6615394,2021-04-28,2021-10-10,48.15,50.4,1.25,6999,68.94,18.65,5.01,0.59,0.42,129,No
KGZ,Kyrgyzstan,6018789,179913,2636,1455373,832440,622933,2021-03-31,2021-10-10,50.93,37.1,2.05,5253,30.1,11.08,14.78,2.99,4.38,48,No
ALB,Albania,3088385,177971,2820,1796093,960084,836009,2021-01-13,2021-10-10,41.67,63,1.29,13965,107.43,NA,NA,5.76,9.13,116,No
EST,Estonia,1220042,173335,1429,1425113,759737,665376,2020-12-23,2021-10-10,27.78,69.4,-0.03,36927,26.98,8.49,1.12,14.21,11.71,234,Yes
AFG,Afghanistan,37466414,155763,7243,2566925,847189,1719736,2021-02-22,2021-10-17,35.19,26.3,3.34,2065,57.44,19.3,3.32,0.42,1.93,14,No
FIN,Finland,5587442,151207,1120,7788689,4163606,3625083,2020-12-23,2021-10-10,24.07,85.6,0.42,48668,16.52,5.37,1.49,2.71,2,279,Yes
MOZ,Mozambique,30888034,151102,1926,3782029,1973519,1808510,2021-03-08,2021-10-15,48.15,37.6,4.24,1281,38.64,23.64,7.08,0.49,0.62,24,No
SGP,Singapore,5866139,148178,233,9401855,4599302,4538549,2020-12-30,2021-10-09,50.93,100,0.74,97341,8158.75,27.78,8.33,2.53,0.4,321,No
AUS,Australia,25809973,143135,1531,30540757,17593798,12883681,2021-02-21,2021-10-02,74.54,86.4,1.27,49854,3.33,18.1,2.43,0.55,0.59,237,Yes
MNE,Montenegro,607414,137748,2020,446006,244932,201074,2021-02-24,2021-10-10,NA,67.8,0.45,21470,43.98,16.53,4.8,22.68,33.26,147,No
ZWE,Zimbabwe,14829988,132368,4658,5580902,3171698,2409204,2021-02-18,2021-10-11,47.22,32.3,2.41,2836,37.95,NA,NA,0.89,3.14,75,No
GHA,Ghana,32372889,129440,1167,1623582,865422,758160,2021-03-02,2021-09-20,40.74,58,3.06,5413,135.72,28.34,7.28,0.4,0.36,10,No
"NAM",Namibia,2678191,128304,3538,584381,285745,208661,2021-03-19,2021-10-11,36.11,53,3.64,9637,3.25,19.68,6.59,4.79,13.21,44,No
UGA,Uganda,44712143,125261,3185,2378171,1794105,584066,2021-03-10,2021-10-11,75.93,25.6,5.41,2187,185.5,NA,NA,0.28,0.71,11,No
CHN,China,1397897720,125254,5695,2228305003,1154905147,1014573856,2020-07-22,2021-10-08,76.39,62.5,1.78,16117,145.66,14.29,2.73,0.01,0.04,319,No
CYP,Cyprus,1281506,122362,562,1157846,598680,559166,2020-12-23,2021-10-10,40.74,66.9,0.76,39545,138.53,21.98,0.27,9.55,4.39,181,No
KHM,Cambodia,17304363,116665,2658,22690976,11680387,11150943,2021-02-10,2021-10-08,69.44,24.7,3.06,4389,95.59,28.95,7.75,0.67,1.54,262,No
SLV,El Salvador,6528135,107664,3435,8096778,4227768,3588788,2021-02-17,2021-10-15,22.22,74.1,1.33,8776,310.26,28.27,7.65,1.65,5.26,248,No
RWA,Rwanda,12943132,99143,1313,3818338,3033940,1725362,2021-02-14,2021-10-18,51.85,17.6,3.07,2227,491.42,21.19,10.47,0.77,1.01,59,No
CMR,Cameroon,28524175,98402,1550,481985,397608,142770,2021-04-12,2021-10-14,44.44,58.1,3.43,3642,60,28.3,11.04,0.34,0.54,3,No
JAM,Jamaica,2816602,86722,2059,852062,557884,368016,2021-03-10,2021-10-15,77.78,56.7,0.79,9762,256.26,27.73,2.28,3.08,7.31,61,No
MDV,Maldives,390669,86165,238,740902,393344,347558,2021-02-01,2021-10-11,NA,41.1,2.34,19531,1310.97,29.3,0.64,22.06,6.09,379,No
LUX,Luxembourg,639589,79720,839,771490,410678,360812,2020-12-30,2021-10-10,37.96,91.7,1.43,114482,247.33,10.7,3.61,12.46,13.12,241,Yes
SEN,Senegal,16082442,73866,1871,1959198,1280390,877598,2021-02-23,2021-10-18,21.3,48.6,3.59,3395,81.75,28.92,11.75,0.46,1.16,24,No
AGO,Angola,33642646,62842,1664,5224697,3787300,1437397,2021-03-10,2021-10-18,54.63,67.5,4.04,6670,26.99,24.74,12.4,0.19,0.49,31,No
MWI,Malawi,20308502,61716,2292,1198689,881958,518717,2021-03-11,2021-10-17,37.04,17.7,4.41,1060,171.4,23.56,2.4,0.3,1.13,12,No
CIV,Côte d’Ivoire,28088455,61038,682,2762147,2060675,701472,2021-03-01,2021-10-15,17.59,52.2,3.38,5213,87.11,26.7,8.65,0.22,0.24,20,No
COD,Democratic Republic of the Congo,105044646,57338,1091,140254,102610,37644,2021-04-19,2021-10-12,37.96,46.2,4.33,1098,44.8,24.72,10.68,0.05,0.1,0,No
TTO,Trinidad and Tobago,1221047,53216,1572,1165204,633915,588351,2021-02-17,2021-10-15,69.44,53.3,0.23,26176,238.11,26.68,5.1,4.36,12.87,191,No
FJI,Fiji,939535,51701,661,1107254,617865,489389,2021-03-07,2021-10-08,88.89,57.7,1.37,13684,51.41,25.6,7.71,5.5,7.04,236,No
SWZ,Eswatini,1113276,46363,1233,270643,236992,229476,2021-03-19,2021-10-17,61.11,24.4,2.42,8622,64.11,NA,NA,4.16,11.08,49,No
SUR,Suriname,614749,45592,994,422680,239647,183033,2021-02-23,2021-10-15,61.11,66.2,0.88,16525,3.75,26.12,8.87,7.42,16.17,138,No
PYF,French Polynesia,297154,45439,633,296738,153575,143163,2021-01-18,2021-10-05,NA,62.1,0.65,17000,71.31,25.18,3.18,15.29,21.3,200,No
MDG,Madagascar,27534354,43616,960,479068,197001,282067,2021-05-10,2021-10-11,35.19,39.2,4.26,1647,46.9,24,9.44,0.16,0.35,3,No
SDN,Sudan,46751152,39839,2979,2096024,670712,1001673,2021-03-09,2021-10-17,13.89,35.6,3.43,3958,25.11,NA,NA,0.09,0.64,9,No
SYR,Syrian Arab Republic,20384316,39086,2408,902519,681791,367744,2021-04-01,2021-10-12,60.65,56.1,5.38,2900,108.75,22.11,6.55,0.19,1.18,9,No
CPV,Cabo Verde,589451,38040,347,472436,286160,186276,2021-03-18,2021-10-17,55.56,67.1,1.83,7172,146.16,23.9,8.71,6.45,5.89,160,No
MLT,Malta,460891,37458,459,800564,417197,383367,2020-12-23,2021-10-10,43.52,94.8,0.28,44032,1458.52,20.63,0.35,8.13,9.96,347,No
MRT,Mauritania,4079284,36677,788,1298995,711425,587570,2021-03-26,2021-10-13,50,56.1,3.84,5197,3.96,23.66,1.32,0.9,1.93,64,No
GUY,Guyana,787971,33973,851,596526,369877,226649,2021-02-11,2021-10-15,65.74,26.9,1.01,13082,3.67,26.66,9.86,4.31,10.8,151,No
GAB,Gabon,2284912,33442,213,180320,118128,87976,2021-03-23,2021-10-12,55.56,90.4,2.27,14950,8.54,26.71,8.65,1.46,0.93,16,No
LAO,Lao People's Democratic Republic,7574356,32029,40,4213630,3018273,2126318,2020-11-25,2021-10-04,72.22,36.9,2.99,7826,31.99,28.2,11.95,0.42,0.05,111,No
GIN,Guinea,12877894,30572,385,2077305,1371867,705438,2021-03-05,2021-10-17,62.96,37.3,3.64,2562,52.38,27.68,20.82,0.24,0.3,32,No
TZA,United Republic of Tanzania,62092761,26034,724,885579,NA,885579,NA,2021-10-13,13.89,36,4.89,2660,65.55,23.74,8.73,0.04,0.12,3,No
TGO,Togo,8283189,25899,239,1287154,867386,419768,2021-03-10,2021-10-15,38.89,43.4,3.6,1597,145.87,27.94,8.15,0.31,0.29,31,No
PNG,Papua New Guinea,7399757,24857,309,191925,133741,61221,2021-03-30,2021-09-29,49.54,13.5,2.91,4355,15.99,27.49,5.66,0.34,0.42,5,No
BEN,Benin,13301694,24560,161,252698,216527,186951,2021-03-29,2021-10-13,37.04,49,3.74,3287,118.11,27.88,8.16,0.18,0.12,4,No
BLZ,Belize,405633,23507,451,360089,219327,174382,2021-03-01,2021-10-15,56.48,46.2,2.3,7005,17.66,27.91,3.43,5.8,11.12,178,No
HTI,Haiti,11198240,22827,649,102168,73568,29282,NA,2021-10-15,64.81,58,2.47,2905,403.54,NA,NA,0.2,0.58,2,No
SYC,Seychelles,96387,21947,114,159392,80595,74778,2021-01-10,2021-10-15,62.04,58,0.99,29223,211.84,27.32,5.82,22.77,11.83,331,No
BHS,Bahamas,352655,21580,590,238432,133591,116579,2021-03-14,2021-10-15,51.39,83.4,1.02,37101,25.41,26.05,2.45,6.12,16.73,135,No
LSO,Lesotho,2177740,21530,655,383341,347836,339506,2021-03-10,2021-10-10,49.07,29.5,2.77,2704,71.74,NA,NA,0.99,3.01,35,No
BDI,Burundi,12241065,19730,14,NA,NA,NA,NA,NA,13.89,14.1,5.43,752,439.85,NA,NA,0.16,0.01,NA,No
TLS,Timor-Leste,1413958,19725,119,810855,495822,315033,2021-04-07,2021-10-12,46.3,31.7,3.31,3553,95.06,NA,NA,1.4,0.84,115,No
TJK,Tajikistan,8990874,17484,125,4491235,2517446,1973789,2021-03-24,2021-10-10,29.63,27.7,2.73,3380,62.39,12.4,7.14,0.19,0.14,100,No
CUW,Curaçao,151885,16866,169,189304,98872,90432,2021-02-24,2021-10-15,NA,89.1,0.57,24479,342.08,NA,NA,11.1,11.13,249,No
MUS,Mauritius,1386129,16669,134,1633952,878687,830651,2021-01-26,2021-10-12,39.81,40.8,0.28,22870,679.48,25.1,4.63,1.2,0.97,236,No
COG,Congo,5417414,15962,231,269914,198302,112541,2021-03-23,2021-10-18,36.11,68.3,3.19,3673,15.84,26.13,8.83,0.29,0.43,10,No
ABW,Aruba,120917,15681,170,157944,82013,75931,2021-02-17,2021-10-15,35.19,43.9,0.77,37500,671.76,NA,NA,12.97,14.06,261,No
MLI,Mali,20137527,15620,557,426975,318797,253733,2021-03-31,2021-10-15,44.44,44.7,4.57,2322,16.24,30.17,7.95,0.08,0.28,4,No
AND,Andorra,85645,15338,130,102692,54383,48309,2021-01-20,2021-10-03,51.85,87.9,0.11,49900,183,NA,NA,17.91,15.18,240,No
BFA,Burkina Faso,21382659,14734,203,297231,315749,255240,2021-06-02,2021-10-17,13.89,31.2,4.75,2178,77.98,29.29,7.55,0.07,0.09,3,No
GUM,Guam,168801,14030,222,228169,125402,112034,2021-01-04,2021-10-04,43.52,95,0.84,35600,310.3,27.68,5.9,8.31,13.15,270,No
DJI,Djibouti,938413,13396,179,66010,40689,26087,2021-03-15,2021-09-18,54.63,78.2,1.56,5535,40.45,NA,NA,1.43,1.91,14,No
GNQ,Equatorial Guinea,857008,12840,156,414506,236045,178461,2021-02-12,2021-10-14,NA,73.6,3.62,18558,30.55,26.97,9.32,1.5,1.82,97,No
ISL,Iceland,354234,12455,33,504724,281561,223163,2020-12-30,2021-10-10,41.67,93.9,0.74,55874,3.44,NA,NA,3.52,0.93,285,Yes
SSD,South Sudan,10984074,12223,130,120467,84658,35809,2021-04-06,2021-10-17,27.78,20.5,4.12,1600,17.05,NA,NA,0.11,0.12,2,No
NIC,Nicaragua,6243931,12169,206,999990,671784,328206,2021-03-02,2021-10-15,2.78,59.3,1.45,5407,47.89,NA,NA,0.19,0.33,32,No
LCA,Saint Lucia,166637,12095,232,84799,48222,36577,2021-02-17,2021-10-15,NA,18.9,0.98,15449,270.51,NA,NA,7.26,13.92,102,No
BRB,Barbados,301865,11785,103,258231,143661,114570,2021-02-10,2021-10-15,67.59,31.2,0.46,15639,702.01,NA,NA,3.9,3.41,171,No
CAF,Central African Republic,5357984,11478,100,385557,256081,285043,2021-03-19,2021-10-18,11.11,42.6,3.32,945,8.6,25.22,9.8,0.21,0.19,14,No
BRN,Brunei Darussalam,471103,10860,49,534701,323834,208168,2021-04-03,2021-10-08,79.63,78.6,1.44,62100,81.72,27.59,12.97,2.31,1.04,227,No
JEY,Jersey,101476,10357,79,161258,78161,74270,NA,2021-10-14,NA,31,0.68,56600,874.79,NA,NA,10.21,7.79,318,No
NCL,New Caledonia,293608,9977,241,286196,163063,123133,2021-01-20,2021-10-09,NA,71.9,1.72,31100,15.81,NA,NA,3.4,8.21,195,No
GMB,Gambia,2221301,9946,339,208379,185385,23834,2021-03-10,2021-10-02,33.33,63.2,3.75,2223,196.58,26.02,12.92,0.45,1.53,19,No
YEM,Yemen,30399243,9526,1804,356173,308025,48148,2021-04-20,2021-10-11,23.15,38.5,3.71,2500,57.58,NA,NA,0.03,0.59,2,No
IMN,Isle of Man,90895,8583,56,129525,65504,64021,NA,2021-10-14,NA,53.1,0.97,84600,158.91,NA,NA,9.44,6.16,285,No
ERI,Eritrea,6147398,6774,45,NA,NA,NA,NA,NA,50.93,42,3.67,1600,52.27,NA,NA,0.11,0.07,NA,No
SLE,Sierra Leone,6807277,6397,121,396196,318380,110744,2021-03-15,2021-10-18,29.63,43.4,3.02,1718,94.89,NA,NA,0.09,0.18,12,No
NER,Niger,23605767,6170,204,803146,479613,323533,2021-03-29,2021-10-15,19.44,16.8,4.72,1225,18.63,30.77,6.21,0.03,0.09,7,No
GNB,Guinea-Bissau,1976187,6130,141,121501,111771,9730,2021-04-02,2021-10-18,NA,44.6,3.22,1989,54.7,NA,NA,0.31,0.71,12,No
LBR,Liberia,5214030,5807,286,326046,86561,229773,2021-04-01,2021-10-12,40.74,52.6,3.41,1428,46.82,26.9,14.5,0.11,0.55,13,No
GIB,Gibraltar,29516,5758,98,81966,39970,39751,NA,2021-10-15,NA,100,0.45,61700,4216.57,19.16,2.02,19.51,33.2,555,No
GRD,Grenada,113570,5670,189,65362,36757,28605,2021-02-15,2021-10-15,NA,36.7,0.86,17039,330.15,NA,NA,4.99,16.64,115,No
BMU,Bermuda,72084,5548,95,88417,45017,43400,2021-01-11,2021-10-15,56.48,100,-0.2,81798,1334.89,22.52,4.57,7.7,13.18,245,No
SMR,San Marino,34467,5475,91,47302,25084,22218,2021-02-24,2021-10-10,37.96,97.6,0.41,59439,565.03,NA,NA,15.88,26.4,274,No
TCD,Chad,17414108,5069,174,191439,150842,40597,2021-06-04,2021-10-13,22.22,23.8,4.1,1580,13.56,30.13,9.26,0.03,0.1,2,No
NZL,New Zealand,4991442,4696,28,4635189,3052320,1582869,2021-02-19,2021-09-24,81.02,86.8,0.92,42888,18.57,13.09,2.83,0.09,0.06,186,Yes
SXM,Sint Maarten,44564,4431,70,50223,26122,24101,2021-02-22,2021-10-15,NA,100,1.16,35342,1310.71,NA,NA,9.94,15.71,225,No
COM,Comoros,864335,4186,147,375241,213143,162098,2021-04-10,2021-10-13,NA,29.6,2.97,3060,386.73,NA,NA,0.48,1.7,87,No
DMA,Dominica,74584,4153,28,48830,26806,22024,2021-02-12,2021-10-15,79.63,71.4,0.84,11917,99.31,NA,NA,5.57,3.75,131,No
VCT,Saint Vincent and the Grenadines,101145,3965,33,37377,22811,14566,2021-02-01,2021-10-15,NA,53.5,0.94,12485,260.01,NA,NA,3.92,3.26,74,No
ATG,Antigua and Barbuda,99175,3830,93,99846,54758,45088,2021-02-19,2021-10-15,NA,24.4,0.87,21910,223.87,NA,NA,3.86,9.38,201,No
STP,Sao Tome and Principe,213948,3677,56,103720,75837,27883,2021-03-15,2021-10-15,NA,75.1,2.96,3970,221.94,NA,NA,1.72,2.62,97,No
LIE,Liechtenstein,39425,3589,58,47202,24781,23116,NA,2021-10-14,28.7,14.5,1.15,139100,246.41,NA,NA,9.1,14.71,239,No
MCO,Monaco,31223,3358,35,49980,26672,23308,2021-06-30,2021-09-16,37.04,100,0.5,115700,15611.5,NA,NA,10.75,11.21,320,No
TCA,Turks and Caicos Islands,57196,2905,23,54417,28305,26112,2021-01-11,2021-10-15,NA,93.8,1.46,29253,60.33,NA,NA,5.08,4.02,190,No
VGB,British Virgin Islands,37891,2725,37,33075,17607,15468,2021-02-11,2021-10-15,NA,48.9,1.73,34200,250.93,NA,NA,7.19,9.76,175,No
BTN,Bhutan,857423,2617,3,1087753,585479,502274,2021-03-27,2021-10-10,61.11,43,2.52,11832,22.33,NA,NA,0.31,0.03,254,No
KNA,Saint Kitts and Nevis,54149,2511,21,49318,26249,23069,2021-02-22,2021-10-15,NA,30.9,1.06,26438,207.47,NA,NA,4.64,3.88,182,No
GGY,Guernsey,67334,1817,21,102340,NA,NA,NA,2021-10-13,NA,31,0.68,52500,863.26,NA,NA,2.7,3.12,304,No
FRO,Faroe Islands,51943,1350,2,75867,38890,36977,NA,2021-10-15,13.89,42.6,0.89,40000,37.29,NA,NA,2.6,0.39,292,No
CYM,Cayman Islands,63131,1011,2,109919,55780,53365,2021-01-15,2021-10-15,NA,100,1.13,71549,239.13,28.5,3.77,1.6,0.32,348,No
GRL,Greenland,57799,654,0,76637,40015,36622,NA,2021-10-15,30.09,87.5,0.41,41800,0.03,-4.15,2.61,1.13,0,265,No
AIA,Anguilla,18403,644,1,18705,9548,9157,2021-02-05,2021-10-15,NA,100,0.47,12200,202.23,NA,NA,3.5,0.54,203,No
WLF,Wallis and Futuna,15851,454,7,10843,5679,5164,2021-03-19,2021-10-04,NA,0,0,3800,111.63,27.16,6.73,2.86,4.42,137,No
MNP,Northern Mariana Islands (Commonwealth of the),51659,288,3,69761,35757,34813,2020-12-19,2021-10-01,NA,91.9,0.36,24500,111.33,NA,6.01,0.56,0.58,270,No
FLK,Falkland Islands (Malvinas),3198,69,0,4407,2632,1775,NA,2021-04-14,NA,78.9,0.53,70800,0.26,4.91,1.09,2.16,0,276,No
MSR,Montserrat,5387,41,1,2911,1502,1409,2021-02-08,2021-10-15,NA,9.2,0.94,34000,52.81,NA,NA,0.76,1.86,108,No
SPM,Saint Pierre and Miquelon,5321,32,0,NA,NA,NA,NA,NA,NA,90,0.75,46200,21.99,7.31,2.24,0.6,0,NA,No
SLB,Solomon Islands,690598,20,0,141920,113423,28497,2021-03-23,2021-10-08,27.78,25.1,3.57,2663,23.9,27.15,6.98,0,0,41,No
PLW,Palau,21613,8,0,30751,17663,15421,2021-01-03,2021-10-04,NA,81.5,1.59,17579,47.09,NA,9.63,0.04,0,285,No
MHL,Marshall Islands,78831,4,0,40634,22784,19952,2020-12-29,2021-10-04,NA,78.2,0.61,3889,435.53,28.2,7.82,0.01,0,103,No
ASM,American Samoa,46366,3,0,62212,34110,28648,2020-12-21,2021-10-04,NA,87.2,0.26,11200,206.99,27.57,9.63,0.01,0,268,No
VUT,Vanuatu,303009,3,0,87583,59215,28382,2021-06-02,2021-10-10,16.67,25.7,2.55,3153,24.86,25.73,9.03,0,0,58,No
WSM,Samoa,204898,1,0,183617,115274,68343,2021-04-18,2021-10-07,NA,17.7,-0.03,6521,72.38,NA,NA,0,0,179,No
COK,Cook Islands,8327,0,0,23489,12297,11192,2021-05-17,2021-10-11,NA,75.7,0.52,16700,35.28,25.09,5.33,0,0,564,No
PRK,Democratic People's Republic of Korea,25831360,0,0,NA,NA,NA,NA,NA,NA,62.6,0.85,1700,214.3,12.22,12.88,0,0,NA,No
KIR,Kiribati,113001,0,0,51428,43044,8384,2021-05-26,2021-10-01,37.5,56.3,2.77,2272,139.34,28.18,3.44,0,0,91,No
FSM,Micronesia (Federated States of),101675,0,0,72384,44932,39076,2021-01-13,2021-10-04,NA,23.1,1.52,3464,144.84,27.51,11.56,0,0,142,No
NRU,Nauru,9770,0,0,14790,7612,7178,2021-04-09,2021-08-20,NA,100,0.18,11583,465.24,NA,NA,0,0,303,No
NIU,Niue,2000,0,0,2352,1202,1150,2021-06-08,2021-08-02,NA,46.9,1.43,5800,7.69,NA,NA,0,0,235,No
SHN,Saint Helena,7915,0,0,7892,4361,3531,NA,2021-05-05,NA,40.3,0.98,7800,20.09,NA,NA,0,0,199,No
TKL,Tokelau,1647,0,0,1936,968,968,2021-07-20,2021-09-28,NA,0,0,6004,137.25,NA,NA,0,0,235,No
TON,Tonga,105780,0,0,80062,49817,30245,2021-04-14,2021-10-04,NA,23.1,0.99,6383,141.61,NA,NA,0,0,151,No
TKM,Turkmenistan,5579889,0,0,7580976,4374694,3206282,2021-02-24,2021-08-29,NA,53,2.23,14845,11.43,21.13,1.65,0,0,272,No
TUV,Tuvalu,11448,0,0,10861,6209,4652,2021-04-13,2021-09-10,NA,64.8,2.08,4281,440.31,28.78,7.33,0,0,190,No
